MetricRole,Metric,NoisePercent,TechniqueA,TechniqueB,AverageRankA,AverageRankB,RankDifferenceAbs,CrossProjectMeanA,CrossProjectMeanB,MeanDifferenceAminusB,BetterByAverageRank,NemenyiSE,QDemšar,QStudentizedRange,NemenyiPValue,NemenyiAlpha,CriticalDifference,SignificantNemenyi
PRIMARY,APFDc,0,RandomForest,XGBoost,1.7083333333333333,2.2083333333333335,0.50000000000000022,0.80323860492403332,0.78421672249133312,0.019021882432700199,RandomForest,0.37267799624996495,1.3416407864998745,1.8973665961010286,0.5362869683523479,0.050000000000000003,0.95742161329511866,False
PRIMARY,APFDc,0,RandomForest,LightGBM,1.7083333333333333,2.5416666666666665,0.83333333333333326,0.80323860492403332,0.76205984422883655,0.04117876069519677,RandomForest,0.37267799624996495,2.2360679774997894,3.1622776601683791,0.11358109885511569,0.050000000000000003,0.95742161329511866,False
PRIMARY,APFDc,0,RandomForest,NaiveBayes,1.7083333333333333,3.5416666666666665,1.8333333333333333,0.80323860492403332,0.61760336857343245,0.18563523635060086,RandomForest,0.37267799624996495,4.919349550499537,6.9570108523704342,5.1756678188796812e-06,0.050000000000000003,0.95742161329511866,True
PRIMARY,APFDc,0,XGBoost,LightGBM,2.2083333333333335,2.5416666666666665,0.33333333333333304,0.78421672249133312,0.76205984422883655,0.022156878262496571,XGBoost,0.37267799624996495,0.89442719099991508,1.2649110640673507,0.80775747651301288,0.050000000000000003,0.95742161329511866,False
PRIMARY,APFDc,0,XGBoost,NaiveBayes,2.2083333333333335,3.5416666666666665,1.333333333333333,0.78421672249133312,0.61760336857343245,0.16661335391790066,XGBoost,0.37267799624996495,3.5777087639996625,5.0596442562694062,0.0019661230114887962,0.050000000000000003,0.95742161329511866,True
PRIMARY,APFDc,0,LightGBM,NaiveBayes,2.5416666666666665,3.5416666666666665,1,0.76205984422883655,0.61760336857343245,0.14445647565540409,LightGBM,0.37267799624996495,2.6832815729997477,3.7947331922020555,0.036648442860974573,0.050000000000000003,0.95742161329511866,True
PRIMARY,APFDc,5,RandomForest,XGBoost,2.2083333333333335,2.1666666666666665,0.041666666666666963,0.67428121900879245,0.68453858075862728,-0.010257361749834826,XGBoost,0.37267799624996495,0.11180339887499027,0.15811388300842008,0.99950038499201754,0.050000000000000003,0.95742161329511866,False
PRIMARY,APFDc,5,RandomForest,LightGBM,2.2083333333333335,2.2083333333333335,0,0.67428121900879245,0.68016006843081689,-0.0058788494220244347,TIE,0.37267799624996495,0,0,1,0.050000000000000003,0.95742161329511866,False
PRIMARY,APFDc,5,RandomForest,NaiveBayes,2.2083333333333335,3.4166666666666665,1.208333333333333,0.67428121900879245,0.57338104933765421,0.10090016967113824,RandomForest,0.37267799624996495,3.2422985673746942,4.5853026072441496,0.0065116825735872519,0.050000000000000003,0.95742161329511866,True
PRIMARY,APFDc,5,XGBoost,LightGBM,2.1666666666666665,2.2083333333333335,0.041666666666666963,0.68453858075862728,0.68016006843081689,0.004378512327810391,XGBoost,0.37267799624996495,0.11180339887499027,0.15811388300842008,0.99950038499201754,0.050000000000000003,0.95742161329511866,False
PRIMARY,APFDc,5,XGBoost,NaiveBayes,2.1666666666666665,3.4166666666666665,1.25,0.68453858075862728,0.57338104933765421,0.11115753142097307,XGBoost,0.37267799624996495,3.3541019662496847,4.74341649025257,0.0044263982632981591,0.050000000000000003,0.95742161329511866,True
PRIMARY,APFDc,5,LightGBM,NaiveBayes,2.2083333333333335,3.4166666666666665,1.208333333333333,0.68016006843081689,0.57338104933765421,0.10677901909316267,LightGBM,0.37267799624996495,3.2422985673746942,4.5853026072441496,0.0065116825735872519,0.050000000000000003,0.95742161329511866,True
PRIMARY,APFDc,50,RandomForest,XGBoost,2.5,2.9583333333333335,0.45833333333333348,0.44302347448760199,0.42675195619370987,0.016271518293892118,RandomForest,0.37267799624996495,1.2298373876248847,1.7392527130926092,0.60780870809276544,0.050000000000000003,0.95742161329511866,False
PRIMARY,APFDc,50,RandomForest,LightGBM,2.5,2.875,0.375,0.44302347448760199,0.4324762206383535,0.010547253849248484,RandomForest,0.37267799624996495,1.0062305898749053,1.4230249470757708,0.74577235436939149,0.050000000000000003,0.95742161329511866,False
PRIMARY,APFDc,50,RandomForest,NaiveBayes,2.5,1.6666666666666667,0.83333333333333326,0.44302347448760199,0.4920519147301996,-0.049028440242597615,NaiveBayes,0.37267799624996495,2.2360679774997894,3.1622776601683791,0.11358109885511569,0.050000000000000003,0.95742161329511866,False
PRIMARY,APFDc,50,XGBoost,LightGBM,2.9583333333333335,2.875,0.083333333333333481,0.42675195619370987,0.4324762206383535,-0.0057242644446436342,LightGBM,0.37267799624996495,0.22360679774997938,0.31622776601683855,0.99605875374064279,0.050000000000000003,0.95742161329511866,False
PRIMARY,APFDc,50,XGBoost,NaiveBayes,2.9583333333333335,1.6666666666666667,1.2916666666666667,0.42675195619370987,0.4920519147301996,-0.065299958536489733,NaiveBayes,0.37267799624996495,3.4659053651246743,4.9015303732609885,0.0029694369900498119,0.050000000000000003,0.95742161329511866,True
PRIMARY,APFDc,50,LightGBM,NaiveBayes,2.875,1.6666666666666667,1.2083333333333333,0.4324762206383535,0.4920519147301996,-0.059575694091846099,NaiveBayes,0.37267799624996495,3.2422985673746947,4.5853026072441496,0.0065116825735872519,0.050000000000000003,0.95742161329511866,True
SECONDARY,APFD,0,RandomForest,XGBoost,2,2,0,0.90396367124340937,0.91715143310402958,-0.013187761860620206,TIE,0.37267799624996495,0,0,1,0.050000000000000003,0.95742161329511866,False
SECONDARY,APFD,0,RandomForest,LightGBM,2,2.2083333333333335,0.20833333333333348,0.90396367124340937,0.87048583629769449,0.033477834945714879,RandomForest,0.37267799624996495,0.55901699437494778,0.79056941504209544,0.94411090870229453,0.050000000000000003,0.95742161329511866,False
SECONDARY,APFD,0,RandomForest,NaiveBayes,2,3.7916666666666665,1.7916666666666665,0.90396367124340937,0.78629048097980558,0.11767319026360379,RandomForest,0.37267799624996495,4.807546151624547,6.7988969693620147,9.0941105559405599e-06,0.050000000000000003,0.95742161329511866,True
SECONDARY,APFD,0,XGBoost,LightGBM,2,2.2083333333333335,0.20833333333333348,0.91715143310402958,0.87048583629769449,0.046665596806335086,XGBoost,0.37267799624996495,0.55901699437494778,0.79056941504209544,0.94411090870229453,0.050000000000000003,0.95742161329511866,False
SECONDARY,APFD,0,XGBoost,NaiveBayes,2,3.7916666666666665,1.7916666666666665,0.91715143310402958,0.78629048097980558,0.13086095212422399,XGBoost,0.37267799624996495,4.807546151624547,6.7988969693620147,9.0941105559405599e-06,0.050000000000000003,0.95742161329511866,True
SECONDARY,APFD,0,LightGBM,NaiveBayes,2.2083333333333335,3.7916666666666665,1.583333333333333,0.87048583629769449,0.78629048097980558,0.084195355317888909,LightGBM,0.37267799624996495,4.2485291572495996,6.0083275543199202,0.00012647664611709075,0.050000000000000003,0.95742161329511866,True
SECONDARY,APFD,5,RandomForest,XGBoost,2.5833333333333335,2.7083333333333335,0.125,0.74652351566056196,0.76209474272647715,-0.015571227065915183,RandomForest,0.37267799624996495,0.33541019662496846,0.47434164902525694,0.98700443394353765,0.050000000000000003,0.95742161329511866,False
SECONDARY,APFD,5,RandomForest,LightGBM,2.5833333333333335,2.8333333333333335,0.25,0.74652351566056196,0.75395967095400351,-0.0074361552934415487,RandomForest,0.37267799624996495,0.67082039324993692,0.94868329805051388,0.90813177390141742,0.050000000000000003,0.95742161329511866,False
SECONDARY,APFD,5,RandomForest,NaiveBayes,2.5833333333333335,1.875,0.70833333333333348,0.74652351566056196,0.80433220150968587,-0.057808685849123909,NaiveBayes,0.37267799624996495,1.9006577808748217,2.6879360111431234,0.22769676258145188,0.050000000000000003,0.95742161329511866,False
SECONDARY,APFD,5,XGBoost,LightGBM,2.7083333333333335,2.8333333333333335,0.125,0.76209474272647715,0.75395967095400351,0.0081350717724736343,XGBoost,0.37267799624996495,0.33541019662496846,0.47434164902525694,0.98700443394353765,0.050000000000000003,0.95742161329511866,False
SECONDARY,APFD,5,XGBoost,NaiveBayes,2.7083333333333335,1.875,0.83333333333333348,0.76209474272647715,0.80433220150968587,-0.042237458783208726,NaiveBayes,0.37267799624996495,2.2360679774997902,3.1622776601683804,0.11358109885511525,0.050000000000000003,0.95742161329511866,False
SECONDARY,APFD,5,LightGBM,NaiveBayes,2.8333333333333335,1.875,0.95833333333333348,0.75395967095400351,0.80433220150968587,-0.05037253055568236,NaiveBayes,0.37267799624996495,2.5714781741247585,3.636619309193637,0.0496761660310302,0.050000000000000003,0.95742161329511866,True
SECONDARY,APFD,10,RandomForest,XGBoost,3.0833333333333335,2.5,0.58333333333333348,0.67071915691501893,0.71378721486699848,-0.043068057951979544,XGBoost,0.37267799624996495,1.5652475842498532,2.2135943621178664,0.39863136331743243,0.050000000000000003,0.95742161329511866,False
SECONDARY,APFD,10,RandomForest,LightGBM,3.0833333333333335,2.5833333333333335,0.5,0.67071915691501893,0.71403304468222994,-0.043313887767211012,LightGBM,0.37267799624996495,1.3416407864998738,1.8973665961010278,0.53628696835234824,0.050000000000000003,0.95742161329511866,False
SECONDARY,APFD,10,RandomForest,NaiveBayes,3.0833333333333335,1.8333333333333333,1.2500000000000002,0.67071915691501893,0.7716997559860439,-0.10098059907102497,NaiveBayes,0.37267799624996495,3.3541019662496852,4.74341649025257,0.0044263982632981591,0.050000000000000003,0.95742161329511866,True
SECONDARY,APFD,10,XGBoost,LightGBM,2.5,2.5833333333333335,0.083333333333333481,0.71378721486699848,0.71403304468222994,-0.00024582981523146863,XGBoost,0.37267799624996495,0.22360679774997938,0.31622776601683855,0.99605875374064279,0.050000000000000003,0.95742161329511866,False
SECONDARY,APFD,10,XGBoost,NaiveBayes,2.5,1.8333333333333333,0.66666666666666674,0.71378721486699848,0.7716997559860439,-0.057912541119045424,NaiveBayes,0.37267799624996495,1.7888543819998319,2.529822128134704,0.27863887539513699,0.050000000000000003,0.95742161329511866,False
SECONDARY,APFD,10,LightGBM,NaiveBayes,2.5833333333333335,1.8333333333333333,0.75000000000000022,0.71403304468222994,0.7716997559860439,-0.057666711303813956,NaiveBayes,0.37267799624996495,2.0124611797498115,2.8460498941515429,0.18328657955037853,0.050000000000000003,0.95742161329511866,False
SECONDARY,APFD,15,RandomForest,XGBoost,3.0416666666666665,2.75,0.29166666666666652,0.63420645653618135,0.67399316593574587,-0.039786709399564524,XGBoost,0.37267799624996495,0.78262379212492594,1.1067971810589321,0.86238257827487441,0.050000000000000003,0.95742161329511866,False
SECONDARY,APFD,15,RandomForest,LightGBM,3.0416666666666665,2.4583333333333335,0.58333333333333304,0.63420645653618135,0.68907706784676848,-0.054870611310587125,LightGBM,0.37267799624996495,1.5652475842498519,2.2135943621178642,0.39863136331743343,0.050000000000000003,0.95742161329511866,False
SECONDARY,APFD,15,RandomForest,NaiveBayes,3.0416666666666665,1.75,1.2916666666666665,0.63420645653618135,0.73241703070576758,-0.098210574169586229,NaiveBayes,0.37267799624996495,3.4659053651246738,4.9015303732609876,0.0029694369900498119,0.050000000000000003,0.95742161329511866,True
SECONDARY,APFD,15,XGBoost,LightGBM,2.75,2.4583333333333335,0.29166666666666652,0.67399316593574587,0.68907706784676848,-0.015083901911022601,LightGBM,0.37267799624996495,0.78262379212492594,1.1067971810589321,0.86238257827487441,0.050000000000000003,0.95742161329511866,False
SECONDARY,APFD,15,XGBoost,NaiveBayes,2.75,1.75,1,0.67399316593574587,0.73241703070576758,-0.058423864770021705,NaiveBayes,0.37267799624996495,2.6832815729997477,3.7947331922020555,0.036648442860974573,0.050000000000000003,0.95742161329511866,True
SECONDARY,APFD,15,LightGBM,NaiveBayes,2.4583333333333335,1.75,0.70833333333333348,0.68907706784676848,0.73241703070576758,-0.043339962858999104,NaiveBayes,0.37267799624996495,1.9006577808748217,2.6879360111431234,0.22769676258145188,0.050000000000000003,0.95742161329511866,False
SECONDARY,APFD,20,RandomForest,XGBoost,3.2083333333333335,2.7083333333333335,0.5,0.60361933945736024,0.63588842832461367,-0.032269088867253437,XGBoost,0.37267799624996495,1.3416407864998738,1.8973665961010278,0.53628696835234824,0.050000000000000003,0.95742161329511866,False
SECONDARY,APFD,20,RandomForest,LightGBM,3.2083333333333335,2.2916666666666665,0.91666666666666696,0.60361933945736024,0.65398422273938983,-0.050364883282029593,LightGBM,0.37267799624996495,2.4596747752497694,3.4785054261852184,0.066389450033436548,0.050000000000000003,0.95742161329511866,False
SECONDARY,APFD,20,RandomForest,NaiveBayes,3.2083333333333335,1.7916666666666667,1.4166666666666667,0.60361933945736024,0.71593554764442791,-0.11231620818706767,NaiveBayes,0.37267799624996495,3.8013155617496426,5.3758720222862451,0.0008290735179843356,0.050000000000000003,0.95742161329511866,True
SECONDARY,APFD,20,XGBoost,LightGBM,2.7083333333333335,2.2916666666666665,0.41666666666666696,0.63588842832461367,0.65398422273938983,-0.018095794414776156,LightGBM,0.37267799624996495,1.1180339887498956,1.5811388300841909,0.6783876864180387,0.050000000000000003,0.95742161329511866,False
SECONDARY,APFD,20,XGBoost,NaiveBayes,2.7083333333333335,1.7916666666666667,0.91666666666666674,0.63588842832461367,0.71593554764442791,-0.080047119319814231,NaiveBayes,0.37267799624996495,2.459674775249769,3.478505426185218,0.066389450033436548,0.050000000000000003,0.95742161329511866,False
SECONDARY,APFD,20,LightGBM,NaiveBayes,2.2916666666666665,1.7916666666666667,0.49999999999999978,0.65398422273938983,0.71593554764442791,-0.061951324905038074,NaiveBayes,0.37267799624996495,1.3416407864998732,1.8973665961010269,0.53628696835234879,0.050000000000000003,0.95742161329511866,False
SECONDARY,APFD,25,RandomForest,XGBoost,3.1666666666666665,2.875,0.29166666666666652,0.57837815697160166,0.6080003514737311,-0.02962219450212944,XGBoost,0.37267799624996495,0.78262379212492594,1.1067971810589321,0.86238257827487441,0.050000000000000003,0.95742161329511866,False
SECONDARY,APFD,25,RandomForest,LightGBM,3.1666666666666665,2.25,0.91666666666666652,0.57837815697160166,0.63035299976462345,-0.05197484279302178,LightGBM,0.37267799624996495,2.4596747752497681,3.4785054261852166,0.06638945003343677,0.050000000000000003,0.95742161329511866,False
SECONDARY,APFD,25,RandomForest,NaiveBayes,3.1666666666666665,1.7083333333333333,1.4583333333333333,0.57837815697160166,0.69391744985432469,-0.11553929288272302,NaiveBayes,0.37267799624996495,3.9131189606246317,5.5339859052946636,0.00052809986702340161,0.050000000000000003,0.95742161329511866,True
SECONDARY,APFD,25,XGBoost,LightGBM,2.875,2.25,0.625,0.6080003514737311,0.63035299976462345,-0.022352648290892341,LightGBM,0.37267799624996495,1.6770509831248424,2.371708245126285,0.33583741395175448,0.050000000000000003,0.95742161329511866,False
SECONDARY,APFD,25,XGBoost,NaiveBayes,2.875,1.7083333333333333,1.1666666666666667,0.6080003514737311,0.69391744985432469,-0.085917098380593582,NaiveBayes,0.37267799624996495,3.130495168499706,4.427188724235732,0.0094526282595450706,0.050000000000000003,0.95742161329511866,True
SECONDARY,APFD,25,LightGBM,NaiveBayes,2.25,1.7083333333333333,0.54166666666666674,0.63035299976462345,0.69391744985432469,-0.063564450089701241,NaiveBayes,0.37267799624996495,1.4534441853748634,2.055480479109447,0.46594389916709111,0.050000000000000003,0.95742161329511866,False
SECONDARY,APFD,30,RandomForest,XGBoost,3.5,2.5416666666666665,0.95833333333333348,0.54933699387589152,0.58390861988987841,-0.034571626013986889,XGBoost,0.37267799624996495,2.5714781741247585,3.636619309193637,0.0496761660310302,0.050000000000000003,0.95742161329511866,True
SECONDARY,APFD,30,RandomForest,LightGBM,3.5,2.4166666666666665,1.0833333333333335,0.54933699387589152,0.59894417997500005,-0.049607186099108525,LightGBM,0.37267799624996495,2.9068883707497268,4.110960958218894,0.019129641241287354,0.050000000000000003,0.95742161329511866,True
SECONDARY,APFD,30,RandomForest,NaiveBayes,3.5,1.5416666666666667,1.9583333333333333,0.54933699387589152,0.66881045241752302,-0.11947345854163149,NaiveBayes,0.37267799624996495,5.2547597471245053,7.4313525013956916,8.8615829185734185e-07,0.050000000000000003,0.95742161329511866,True
SECONDARY,APFD,30,XGBoost,LightGBM,2.5416666666666665,2.4166666666666665,0.125,0.58390861988987841,0.59894417997500005,-0.015035560085121635,LightGBM,0.37267799624996495,0.33541019662496846,0.47434164902525694,0.98700443394353765,0.050000000000000003,0.95742161329511866,False
SECONDARY,APFD,30,XGBoost,NaiveBayes,2.5416666666666665,1.5416666666666667,0.99999999999999978,0.58390861988987841,0.66881045241752302,-0.084901832527644605,NaiveBayes,0.37267799624996495,2.6832815729997472,3.7947331922020551,0.036648442860974573,0.050000000000000003,0.95742161329511866,True
SECONDARY,APFD,30,LightGBM,NaiveBayes,2.4166666666666665,1.5416666666666667,0.87499999999999978,0.59894417997500005,0.66881045241752302,-0.06986627244252297,NaiveBayes,0.37267799624996495,2.3478713763747785,3.3203915431767976,0.087466386065590429,0.050000000000000003,0.95742161329511866,False
SECONDARY,APFD,40,RandomForest,XGBoost,3.625,2.5833333333333335,1.0416666666666665,0.49197708479583496,0.52973011461096686,-0.0377530298151319,XGBoost,0.37267799624996495,2.7950849718747368,3.9528470752104741,0.026661661141432424,0.050000000000000003,0.95742161329511866,True
SECONDARY,APFD,40,RandomForest,LightGBM,3.625,2.3333333333333335,1.2916666666666665,0.49197708479583496,0.54278425678180897,-0.050807171985974009,LightGBM,0.37267799624996495,3.4659053651246738,4.9015303732609876,0.0029694369900498119,0.050000000000000003,0.95742161329511866,True
SECONDARY,APFD,40,RandomForest,NaiveBayes,3.625,1.4583333333333333,2.166666666666667,0.49197708479583496,0.6061671974914189,-0.11419011269558393,NaiveBayes,0.37267799624996495,5.8137767414994537,8.2219219164377879,3.6604655084815363e-08,0.050000000000000003,0.95742161329511866,True
SECONDARY,APFD,40,XGBoost,LightGBM,2.5833333333333335,2.3333333333333335,0.25,0.52973011461096686,0.54278425678180897,-0.013054142170842109,LightGBM,0.37267799624996495,0.67082039324993692,0.94868329805051388,0.90813177390141742,0.050000000000000003,0.95742161329511866,False
SECONDARY,APFD,40,XGBoost,NaiveBayes,2.5833333333333335,1.4583333333333333,1.1250000000000002,0.52973011461096686,0.6061671974914189,-0.076437082880452034,NaiveBayes,0.37267799624996495,3.0186917696247169,4.2690748412273134,0.013538661292491594,0.050000000000000003,0.95742161329511866,True
SECONDARY,APFD,40,LightGBM,NaiveBayes,2.3333333333333335,1.4583333333333333,0.87500000000000022,0.54278425678180897,0.6061671974914189,-0.063382940709609925,NaiveBayes,0.37267799624996495,2.3478713763747798,3.3203915431767994,0.087466386065590207,0.050000000000000003,0.95742161329511866,False
SECONDARY,APFD,50,RandomForest,XGBoost,3.125,2.4583333333333335,0.66666666666666652,0.43285212212278018,0.4555256495222742,-0.02267352739949402,XGBoost,0.37267799624996495,1.7888543819998313,2.5298221281347031,0.27863887539513721,0.050000000000000003,0.95742161329511866,False
SECONDARY,APFD,50,RandomForest,LightGBM,3.125,2.4166666666666665,0.70833333333333348,0.43285212212278018,0.45662102552531164,-0.023768903402531461,LightGBM,0.37267799624996495,1.9006577808748217,2.6879360111431234,0.22769676258145188,0.050000000000000003,0.95742161329511866,False
SECONDARY,APFD,50,RandomForest,NaiveBayes,3.125,2,1.125,0.43285212212278018,0.4893906993542661,-0.05653857723148592,NaiveBayes,0.37267799624996495,3.018691769624716,4.2690748412273125,0.013538661292491705,0.050000000000000003,0.95742161329511866,True
SECONDARY,APFD,50,XGBoost,LightGBM,2.4583333333333335,2.4166666666666665,0.041666666666666963,0.4555256495222742,0.45662102552531164,-0.0010953760030374404,LightGBM,0.37267799624996495,0.11180339887499027,0.15811388300842008,0.99950038499201754,0.050000000000000003,0.95742161329511866,False
SECONDARY,APFD,50,XGBoost,NaiveBayes,2.4583333333333335,2,0.45833333333333348,0.4555256495222742,0.4893906993542661,-0.0338650498319919,NaiveBayes,0.37267799624996495,1.2298373876248847,1.7392527130926092,0.60780870809276544,0.050000000000000003,0.95742161329511866,False
SECONDARY,APFD,50,LightGBM,NaiveBayes,2.4166666666666665,2,0.41666666666666652,0.45662102552531164,0.4893906993542661,-0.03276967382895446,NaiveBayes,0.37267799624996495,1.1180339887498945,1.5811388300841893,0.67838768641803959,0.050000000000000003,0.95742161329511866,False
