MetricRole,Metric,NoisePercent,Technique,Projects,AverageRank,CrossProjectMean,CrossProjectMedian,CrossProjectSD
PRIMARY,APFDc,0,RandomForest,24,1.7083333333333333,0.80323860492403332,0.81885213142936375,0.12701107593623365
PRIMARY,APFDc,0,XGBoost,24,2.2083333333333335,0.78421672249133312,0.81647477377218969,0.13127551653264899
PRIMARY,APFDc,0,LightGBM,24,2.5416666666666665,0.76205984422883655,0.79911833908243035,0.15383190180525139
PRIMARY,APFDc,0,NaiveBayes,24,3.5416666666666665,0.61760336857343245,0.58211835026302983,0.16657986643652689
PRIMARY,APFDc,5,RandomForest,24,2.2083333333333335,0.67428121900879245,0.66328876572097362,0.14799032613470461
PRIMARY,APFDc,5,XGBoost,24,2.1666666666666665,0.68453858075862728,0.66632524022607775,0.14185482949057499
PRIMARY,APFDc,5,LightGBM,24,2.2083333333333335,0.68016006843081689,0.658701147772635,0.1432656101661153
PRIMARY,APFDc,5,NaiveBayes,24,3.4166666666666665,0.57338104933765421,0.55488068310060545,0.13788993140773928
PRIMARY,APFDc,10,RandomForest,24,2.375,0.62526222317029312,0.59772432134925946,0.14164392364639034
PRIMARY,APFDc,10,XGBoost,24,2.2083333333333335,0.64120466363189121,0.62144843526259452,0.14368992092872288
PRIMARY,APFDc,10,LightGBM,24,2.2916666666666665,0.64704324960537007,0.6439555015269175,0.14827194680346364
PRIMARY,APFDc,10,NaiveBayes,24,3.125,0.55829541806483263,0.54349594988586658,0.1260357174393506
PRIMARY,APFDc,15,RandomForest,24,2.5416666666666665,0.5911901936404127,0.57460729253357179,0.13938945298920763
PRIMARY,APFDc,15,XGBoost,24,2.5,0.60906713012400127,0.60083056015786496,0.13143527273983463
PRIMARY,APFDc,15,LightGBM,24,1.9583333333333333,0.6277217301690291,0.62975655788811336,0.14046107512424386
PRIMARY,APFDc,15,NaiveBayes,24,3,0.54401519515392305,0.53257788865039746,0.11239338624375501
PRIMARY,APFDc,20,RandomForest,24,2.7083333333333335,0.56749858171436418,0.56565134198554379,0.12813561626494099
PRIMARY,APFDc,20,XGBoost,24,2.3333333333333335,0.57971070918137935,0.57217709321267485,0.1237983323957797
PRIMARY,APFDc,20,LightGBM,24,2,0.59875186724198803,0.59426854048506628,0.13350103277664926
PRIMARY,APFDc,20,NaiveBayes,24,2.9583333333333335,0.54605958407504807,0.53607629653349242,0.10310655376558622
PRIMARY,APFDc,25,RandomForest,24,2.5833333333333335,0.54388757387421072,0.53208182631426881,0.11188881861490299
PRIMARY,APFDc,25,XGBoost,24,2.5833333333333335,0.54855689259792029,0.53322384005521872,0.11615963765710124
PRIMARY,APFDc,25,LightGBM,24,2.125,0.57268970698511723,0.56614237725475225,0.12317204778429683
PRIMARY,APFDc,25,NaiveBayes,24,2.7083333333333335,0.54146929020346113,0.52426128995295851,0.09945405565156866
PRIMARY,APFDc,30,RandomForest,24,2.875,0.52142458625763954,0.5098539377139808,0.098710356299422999
PRIMARY,APFDc,30,XGBoost,24,2.25,0.52812867735314095,0.50726906067117283,0.1035882763206374
PRIMARY,APFDc,30,LightGBM,24,2.0833333333333335,0.547930014181926,0.53912276624820676,0.11791636180903663
PRIMARY,APFDc,30,NaiveBayes,24,2.7916666666666665,0.53771791302919769,0.51671802312065052,0.096674783448841742
PRIMARY,APFDc,40,RandomForest,24,2.6666666666666665,0.47938883335048593,0.49458976495448104,0.081625751677713784
PRIMARY,APFDc,40,XGBoost,24,2.6666666666666665,0.48726641297314299,0.50212600568800914,0.084975018245455627
PRIMARY,APFDc,40,LightGBM,24,2.4583333333333335,0.49836878505429211,0.49432996776863458,0.086975329591158487
PRIMARY,APFDc,40,NaiveBayes,24,2.2083333333333335,0.52399602163780001,0.53190759162516288,0.078084829572635919
PRIMARY,APFDc,50,RandomForest,24,2.5,0.44302347448760199,0.44679293121791491,0.076527564965177292
PRIMARY,APFDc,50,XGBoost,24,2.9583333333333335,0.42675195619370987,0.45224294107666885,0.083259018292454259
PRIMARY,APFDc,50,LightGBM,24,2.875,0.4324762206383535,0.45193764034621436,0.065744275507695529
PRIMARY,APFDc,50,NaiveBayes,24,1.6666666666666667,0.4920519147301996,0.49903224733128015,0.05484554052822542
SECONDARY,APFD,0,RandomForest,24,2,0.90396367124340937,0.91274682633521209,0.066528988503457162
SECONDARY,APFD,0,XGBoost,24,2,0.91715143310402958,0.93216370479792032,0.06520792589770498
SECONDARY,APFD,0,LightGBM,24,2.2083333333333335,0.87048583629769449,0.91816887683642245,0.12721679988337023
SECONDARY,APFD,0,NaiveBayes,24,3.7916666666666665,0.78629048097980558,0.80891160975234566,0.13519742184973688
SECONDARY,APFD,5,RandomForest,24,2.5833333333333335,0.74652351566056196,0.76002150459267326,0.13115609352686328
SECONDARY,APFD,5,XGBoost,24,2.7083333333333335,0.76209474272647715,0.78011413007950736,0.10923746416940197
SECONDARY,APFD,5,LightGBM,24,2.8333333333333335,0.75395967095400351,0.76440168130744346,0.10785980906137077
SECONDARY,APFD,5,NaiveBayes,24,1.875,0.80433220150968587,0.829754307537097,0.11769803079454624
SECONDARY,APFD,10,RandomForest,24,3.0833333333333335,0.67071915691501893,0.69907584484449448,0.15529322178641844
SECONDARY,APFD,10,XGBoost,24,2.5,0.71378721486699848,0.6918047759836945,0.1220858486812494
SECONDARY,APFD,10,LightGBM,24,2.5833333333333335,0.71403304468222994,0.73720277602963646,0.12402630297992591
SECONDARY,APFD,10,NaiveBayes,24,1.8333333333333333,0.7716997559860439,0.78290805124517426,0.10911812010504818
SECONDARY,APFD,15,RandomForest,24,3.0416666666666665,0.63420645653618135,0.63634052476452418,0.14994527654600601
SECONDARY,APFD,15,XGBoost,24,2.75,0.67399316593574587,0.6749202632211917,0.11996228844496275
SECONDARY,APFD,15,LightGBM,24,2.4583333333333335,0.68907706784676848,0.67978255291359657,0.12401694099609541
SECONDARY,APFD,15,NaiveBayes,24,1.75,0.73241703070576758,0.74606712244750273,0.11841492598107001
SECONDARY,APFD,20,RandomForest,24,3.2083333333333335,0.60361933945736024,0.59731271021570342,0.13961147260582843
SECONDARY,APFD,20,XGBoost,24,2.7083333333333335,0.63588842832461367,0.62948865373748919,0.12135394785037605
SECONDARY,APFD,20,LightGBM,24,2.2916666666666665,0.65398422273938983,0.66703323954959326,0.12912782205473164
SECONDARY,APFD,20,NaiveBayes,24,1.7916666666666667,0.71593554764442791,0.69241222614768039,0.10008024500743541
SECONDARY,APFD,25,RandomForest,24,3.1666666666666665,0.57837815697160166,0.5676577110956289,0.12858456365066476
SECONDARY,APFD,25,XGBoost,24,2.875,0.6080003514737311,0.60467966098107118,0.12368182791452564
SECONDARY,APFD,25,LightGBM,24,2.25,0.63035299976462345,0.64062241659915875,0.12637041218762049
SECONDARY,APFD,25,NaiveBayes,24,1.7083333333333333,0.69391744985432469,0.67855092026244956,0.10648263030399223
SECONDARY,APFD,30,RandomForest,24,3.5,0.54933699387589152,0.54972397045008492,0.11601588784612134
SECONDARY,APFD,30,XGBoost,24,2.5416666666666665,0.58390861988987841,0.57687315254380223,0.10683776270145517
SECONDARY,APFD,30,LightGBM,24,2.4166666666666665,0.59894417997500005,0.59917784784821904,0.12578212492115107
SECONDARY,APFD,30,NaiveBayes,24,1.5416666666666667,0.66881045241752302,0.66951090549064962,0.093270005982233756
SECONDARY,APFD,40,RandomForest,24,3.625,0.49197708479583496,0.50243435683542936,0.087547449111931686
SECONDARY,APFD,40,XGBoost,24,2.5833333333333335,0.52973011461096686,0.54366580901089234,0.10243699927821827
SECONDARY,APFD,40,LightGBM,24,2.3333333333333335,0.54278425678180897,0.55380838734707249,0.10400181784482529
SECONDARY,APFD,40,NaiveBayes,24,1.4583333333333333,0.6061671974914189,0.59619063762411395,0.07857223921386812
SECONDARY,APFD,50,RandomForest,24,3.125,0.43285212212278018,0.44059463669995536,0.074810819075441209
SECONDARY,APFD,50,XGBoost,24,2.4583333333333335,0.4555256495222742,0.47174524396392331,0.098225201108484331
SECONDARY,APFD,50,LightGBM,24,2.4166666666666665,0.45662102552531164,0.4657024178259539,0.080367928259459154
SECONDARY,APFD,50,NaiveBayes,24,2,0.4893906993542661,0.48303729056867289,0.065938653290470745
