Technique,NoisePercent,ProjectsPerSeed,Seeds,MeanGlobalSeedAPFDc,SDGlobalSeedAPFDc,SEGlobalSeedAPFDc,CI95LowGlobalSeedAPFDc,CI95HighGlobalSeedAPFDc,MeanGlobalSeedAPFD,SDGlobalSeedAPFD,SEGlobalSeedAPFD,CI95LowGlobalSeedAPFD,CI95HighGlobalSeedAPFD,Projects,CrossProjectMeanAPFDc,CrossProjectMedianAPFDc,CrossProjectSDAPFDc,CrossProjectQ1APFDc,CrossProjectQ3APFDc,CrossProjectIQRAPFDc,CrossProjectMinAPFDc,CrossProjectMaxAPFDc,CrossProjectMeanAPFD,CrossProjectMedianAPFD,CrossProjectSDAPFD,CrossProjectQ1APFD,CrossProjectQ3APFD,CrossProjectIQRAPFD,CrossProjectMinAPFD,CrossProjectMaxAPFD,Projects_CleanRelative,MeanDeltaAPFDc,MedianDeltaAPFDc,SDDeltaAPFDc,MinDeltaAPFDc,MaxDeltaAPFDc,APFDcDegradedProjects,APFDcTiedProjects,APFDcImprovedProjects,APFDcRetentionDefinedProjects,MeanRetentionPctAPFDc,MedianRetentionPctAPFDc,MeanDegradationPctAPFDc,MedianDegradationPctAPFDc,MeanDeltaAPFD,MedianDeltaAPFD,SDDeltaAPFD,MinDeltaAPFD,MaxDeltaAPFD,APFDDegradedProjects,APFDTiedProjects,APFDImprovedProjects,APFDRetentionDefinedProjects,MeanRetentionPctAPFD,MedianRetentionPctAPFD,MeanDegradationPctAPFD,MedianDegradationPctAPFD
RandomForest,0,24,30,0.80323860492403343,0.0059875347642812876,0.0010931692847477462,0.80100282269899836,0.80547438714906849,0.90396367124340926,0.0058812357611848177,0.0010737618308023303,0.90176758171846161,0.90615976076835691,24,0.80323860492403332,0.81885213142936375,0.12701107593623365,0.70925120939857811,0.91302581026497276,0.20377460086639465,0.57813229924777898,0.98632298378141003,0.90396367124340937,0.91274682633521209,0.066528988503457162,0.86836116287205156,0.9597495798620499,0.091388416989998333,0.78595968802421345,0.99061316901739016,24,0,0,0,0,0,0,24,0,24,100,100,0,0,0,0,0,0,0,0,24,0,24,100,100,0,0
RandomForest,5,24,30,0.67428121900879223,0.013764017389120826,0.0025129542686382791,0.66914165044924934,0.67942078756833513,0.74652351566056185,0.016314467998880231,0.0029786007122276233,0.74043159319183638,0.75261543812928733,24,0.67428121900879245,0.66328876572097362,0.14799032613470461,0.58243931957752226,0.78480242003004586,0.20236310045252359,0.39514226311654732,0.95945456457108802,0.74652351566056196,0.76002150459267326,0.13115609352686328,0.64168565922748255,0.8485546539124702,0.20686899468498765,0.4850755738629276,0.95957794287560316,24,-0.12895738591524103,-0.097011565683751133,0.12042413447206649,-0.41813674351371477,0.054968653137726808,22,0,2,24,84.289870589281023,87.399824115285298,15.710129410718976,12.600175884714698,-0.15744015558284744,-0.13972928588492567,0.11579394005824402,-0.35467939960696659,0.023515550904884219,23,0,1,24,82.53926980306646,83.972184676750032,17.460730196933532,16.027815323249971
RandomForest,10,24,30,0.6252622231702929,0.018434681989476311,0.0033656970553567964,0.61837859978623844,0.63214584655434736,0.67071915691501904,0.022800796122708581,0.004162836788494606,0.66220519971982938,0.6792331141102087,24,0.62526222317029312,0.59772432134925946,0.14164392364639034,0.5532456378996955,0.72191379600298955,0.16866815810329405,0.32404570463634308,0.94106293213408676,0.67071915691501893,0.69907584484449448,0.15529322178641844,0.55371589962527856,0.77305929828555964,0.21934339866028107,0.34439709595959589,0.93894672750109998,24,-0.17797638175374028,-0.15321852241966688,0.15508774988065691,-0.62104518408315856,0.055971585269427138,23,0,1,24,78.965251920958863,79.331176570438657,21.034748079041126,20.668823429561343,-0.23324451432839041,-0.22686603033169034,0.1584062800826298,-0.63991477272727293,-0.030751116551703372,24,0,0,24,74.393270637477769,75.642145035687278,25.606729362522227,24.357854964312722
RandomForest,15,24,30,0.5911901936404127,0.020948480240377598,0.0038246517243686849,0.58336790256289994,0.59901248471792545,0.63420645653618146,0.022030151276961184,0.004022136933214294,0.62598026285565489,0.64243265021670803,24,0.5911901936404127,0.57460729253357179,0.13938945298920763,0.51027532515369245,0.66628170783596219,0.15600638268226974,0.2196741310364663,0.91028844726327163,0.63420645653618135,0.63634052476452418,0.14994527654600601,0.55385363462909809,0.73967358835349484,0.18581995372439675,0.26365214646464641,0.90615810154867882,24,-0.21204841128362065,-0.18520280127667693,0.17320205828091453,-0.72541675768303537,0.055266458743364999,23,0,1,24,75.151948794496491,76.871104693915726,24.848051205503506,23.128895306084281,-0.26975721470722797,-0.25234266829636082,0.16248238175355648,-0.72065972222222241,-0.047395225822660092,24,0,0,24,70.509532564771405,70.248698051984135,29.490467435228595,29.751301948015872
RandomForest,20,24,30,0.56749858171436429,0.02607253626332165,0.004760172080930907,0.55776293667279186,0.57723422675593672,0.60361933945736035,0.027803850001835315,0.0050762652771650851,0.59323721124117335,0.61400146767354735,24,0.56749858171436418,0.56565134198554379,0.12813561626494099,0.50018165871500864,0.62933285166673247,0.12915119295172384,0.2334734541605864,0.86191469068088078,0.60361933945736024,0.59731271021570342,0.13961147260582843,0.53115243502720799,0.68751531945158317,0.15636288442437518,0.24827967171717161,0.870023773066809,24,-0.23574002320966914,-0.20324774147132779,0.17214045416683318,-0.71161743455891524,0.026707246782559646,23,0,1,24,72.354074692275887,72.866902774587686,27.645925307724116,27.133097225412321,-0.30034433178604908,-0.30240920250131337,0.15444179950771059,-0.73603219696969724,-0.080307730070071415,24,0,0,24,67.134462962658475,66.074293115276419,32.865537037341532,33.925706884723574
RandomForest,25,24,30,0.54388757387421083,0.0279910556994004,0.0051104442049817143,0.53343554190171694,0.55433960584670472,0.57837815697160155,0.028181242251102998,0.0051451673598155931,0.5678551081735731,0.58890120576963001,24,0.54388757387421072,0.53208182631426881,0.11188881861490299,0.48315851020599365,0.59080959687487078,0.10765108666887713,0.26164883585647458,0.80071967402423605,0.57837815697160166,0.5676577110956289,0.12858456365066476,0.51673738332314278,0.62828705779680538,0.1115496744736626,0.26084280303030288,0.80722272724005772,24,-0.2593510310498226,-0.21625485937280081,0.17039201692130196,-0.68344205286302706,0.019528670520027158,23,0,1,24,69.57887741864063,72.040749118092762,30.421122581359366,27.959250881907238,-0.32558551427180776,-0.33474271300761366,0.14854901120342417,-0.72346906565656588,-0.13165097552308058,24,0,0,24,64.392336748428548,63.850088398680796,35.607663251571445,36.149911601319204
RandomForest,30,24,30,0.52142458625763954,0.025564484829162015,0.0046674150039768799,0.51187865073937111,0.53097052177590798,0.54933699387589152,0.027481005102678865,0.0050173221325505958,0.53907541792627056,0.55959856982551248,24,0.52142458625763954,0.5098539377139808,0.098710356299422999,0.46535038575217152,0.56292450997316534,0.097574124220993819,0.3097428898519311,0.72918171122836573,0.54933699387589152,0.54972397045008492,0.11601588784612134,0.45625061801640898,0.5957334444646446,0.13948282644823562,0.3256944444444444,0.74480725141759074,24,-0.28181401866639377,-0.25445446476987671,0.17096718397333074,-0.63534799886757054,-0.015307923368479304,24,0,0,24,66.948695105489989,70.022744666384767,33.051304894510011,29.977255333615226,-0.35462667736751791,-0.34412670329842326,0.13866560001691808,-0.65861742424242442,-0.13984728456850337,24,0,0,24,61.179061664979848,61.779454248071929,38.820938335020159,38.220545751928071
RandomForest,40,24,30,0.47938883335048599,0.031787337513878675,0.0058035472664605117,0.46751924645160275,0.49125842024936922,0.49197708479583502,0.035385585341512621,0.0064604944340235365,0.47876389007653675,0.50519027951513329,24,0.47938883335048593,0.49458976495448104,0.081625751677713784,0.42083438028402231,0.5391989507821251,0.11836457049810278,0.26510365242314482,0.60863913613792431,0.49197708479583496,0.50243435683542936,0.087547449111931686,0.43994565944735176,0.54806546915137155,0.1081198097040198,0.28145517676767667,0.63814717205654614,24,-0.32384977157354738,-0.35881083627964971,0.17775956096681597,-0.67998723629635682,-0.039963814808837705,24,0,0,24,61.96323402270076,59.329444000619667,38.036765977299247,40.670555999380333,-0.41198658644757441,-0.3960887962890991,0.12268233102443926,-0.70285669191919209,-0.24650736392954797,24,0,0,24,54.889164563274896,57.043897958799775,45.110835436725104,42.956102041200225
RandomForest,50,24,30,0.4430234744876021,0.02843416656908767,0.0051913448112495307,0.43240598219710275,0.45364096677810145,0.43285212212278024,0.032522712593739844,0.005937807772949554,0.42070794165625786,0.44499630258930262,24,0.44302347448760199,0.44679293121791491,0.076527564965177292,0.40737292432543082,0.49134503519356149,0.083972110868130667,0.24690045658643719,0.57811649485823291,0.43285212212278018,0.44059463669995536,0.074810819075441209,0.3903870808025231,0.4828135964113453,0.092426515608822202,0.25866477272727262,0.55852040816326531,24,-0.36021513043643133,-0.36382915525297244,0.19129998468214857,-0.71406702436276159,-0.051238537323058275,24,0,0,24,57.744619763367837,54.903935018298583,42.255380236632156,45.09606498170141,-0.47111154912062908,-0.46122677143187979,0.12214072612328784,-0.7256470959595962,-0.28439313867964333,24,0,0,24,48.428598735943048,49.854509560861587,51.571401264056952,50.145490439138406
XGBoost,0,24,30,0.78421672249133312,0,0,0.78421672249133312,0.78421672249133312,0.91715143310403002,3.3876077124502211e-16,6.1848972002915346e-17,0.91715143310402991,0.91715143310403013,24,0.78421672249133312,0.81647477377218969,0.13127551653264899,0.65315522705229223,0.87500664445938825,0.22185141740709602,0.5551244604743284,0.97130329819628436,0.91715143310402958,0.93216370479792032,0.06520792589770498,0.90292451190806078,0.97014234639528918,0.067217834487228401,0.78578651240377206,0.99357275117046595,24,0,0,0,0,0,0,24,0,24,100,100,0,0,0,0,0,0,0,0,24,0,24,100,100,0,0
XGBoost,5,24,30,0.68453858075862728,0.023819464842761005,0.0043488194006938161,0.67564424641204646,0.6934329151052081,0.76209474272647726,0.021110639446694016,0.0038542578094375637,0.75421190040619412,0.76997758504676039,24,0.68453858075862728,0.66632524022607775,0.14185482949057499,0.57474091135883398,0.77973550806459513,0.20499459670576115,0.44345734726536601,0.96052345851011045,0.76209474272647715,0.78011413007950736,0.10923746416940197,0.65751178040797831,0.82475145144939854,0.16723967104142023,0.60151515151515145,0.95879873103946056,24,-0.099678141732705824,-0.079327092101747099,0.10341990759638604,-0.35615274504551164,0.066120893817960824,22,0,2,24,87.633589373060204,89.77535754124473,12.366410626939796,10.224642458755275,-0.15505669037755257,-0.14353863160558128,0.10400036646872615,-0.36865530303030292,0.0040035425041877737,23,0,1,24,83.202796949463789,84.670437511835132,16.797203050536215,15.329562488164884
XGBoost,10,24,30,0.6412046636318911,0.026029099356670832,0.0047522416230639406,0.63148523819782387,0.65092408906595833,0.71378721486699859,0.023583600960802056,0.0043057567444772646,0.70498095354138091,0.72259347619261627,24,0.64120466363189121,0.62144843526259452,0.14368992092872288,0.54768324249906053,0.74634049187211682,0.19865724937305629,0.35236041915947452,0.95795659395170285,0.71378721486699848,0.6918047759836945,0.1220858486812494,0.63650559644671489,0.80522337525760235,0.16871777881088745,0.46251578282828282,0.95725588459301458,24,-0.14301205885944193,-0.11192213778782928,0.12781396414696916,-0.49073702618914089,0.02868689515668954,22,0,2,24,82.416621980689129,85.932372238698093,17.583378019310867,14.067627761301903,-0.20336421823703113,-0.1820827701923215,0.12398791114913274,-0.50765467171717149,-0.021243185041432966,24,0,0,24,77.997690440844195,79.134753116779621,22.002309559155801,20.865246883220379
XGBoost,15,24,30,0.60906713012400127,0.025154537793299157,0.0045925692576687235,0.59967427134466977,0.61845998890333276,0.6739931659357461,0.027458684944095188,0.0050132470477694717,0.66373992447031371,0.68424640740117848,24,0.60906713012400127,0.60083056015786496,0.13143527273983463,0.52179644257269098,0.67827425669346864,0.15647781412077766,0.34497935990799772,0.91592413452173183,0.67399316593574587,0.6749202632211917,0.11996228844496275,0.60384713494193132,0.768295604793369,0.16444846985143768,0.41119570699667962,0.91686659704730678,24,-0.17514959236733177,-0.13757871191076365,0.13594285266731046,-0.51696497284951137,0.012013665779415317,22,0,2,24,78.641736345779918,79.428770357443369,21.358263654220082,20.571229642556634,-0.24315826716828379,-0.22911419248276127,0.12322007171045059,-0.57189047556874273,-0.061632472587140774,24,0,0,24,73.650273615269484,72.629559644824752,26.349726384730502,27.370440355175248
XGBoost,20,24,30,0.57971070918137935,0.031834287219439546,0.005812119070728484,0.56782359097432067,0.59159782738843802,0.63588842832461367,0.032071531574563071,0.0058554337657091239,0.62391272161944067,0.64786413502978668,24,0.57971070918137935,0.57217709321267485,0.1237983323957797,0.52493174593016045,0.63325180812934745,0.10832006219918699,0.32516495665215289,0.87713246406464951,0.63588842832461367,0.62948865373748919,0.12135394785037605,0.57399046262699693,0.70752751662139735,0.13353705399440041,0.3796717171717171,0.89217446986291182,24,-0.20450601330995374,-0.16800488061973567,0.15000063817392162,-0.51793248869646247,0.011334597428113935,23,0,1,24,75.286266638438491,77.559420303164899,24.713733361561509,22.440579696835098,-0.28126300477941607,-0.27814949933797761,0.12806975728228934,-0.59049873737373726,-0.086324599771535726,24,0,0,24,69.522342826873199,68.462118183390174,30.477657173126801,31.537881816609822
XGBoost,25,24,30,0.54855689259792029,0.031175221434471018,0.0056917906716261128,0.53691587359949611,0.56019791159634447,0.6080003514737311,0.031714853667362729,0.0057903135871966698,0.59615783048795268,0.61984287245950953,24,0.54855689259792029,0.53322384005521872,0.11615963765710124,0.48474545964849036,0.58923206739836287,0.10448660774987251,0.2621868245933493,0.84045900302027321,0.6080003514737311,0.60467966098107118,0.12368182791452564,0.53515367718656304,0.68499668804998437,0.14984301086342133,0.32960858585858582,0.85548755452827208,24,-0.2356598298934128,-0.19718872295526044,0.14896111000087769,-0.58091062075526612,-0.026866536543107333,24,0,0,24,71.307644847085143,73.725908233835838,28.692355152914867,26.274091766164162,-0.30915108163029859,-0.30789860311049499,0.13299368974697579,-0.6405618686868686,-0.11490371940655919,24,0,0,24,66.511725739285623,66.642364845383469,33.488274260714377,33.357635154616545
XGBoost,30,24,30,0.52812867735314095,0.029852691972127983,0.0054503309317959596,0.51698149897199908,0.53927585573428283,0.58390861988987852,0.032421410558526521,0.0059193126363470475,0.57180226622497088,0.59601497355478616,24,0.52812867735314095,0.50726906067117283,0.1035882763206374,0.48042918801162016,0.55392008065990883,0.073490892648288675,0.3205866588963725,0.79146204437655376,0.58390861988987841,0.57687315254380223,0.10683776270145517,0.52810979603155572,0.62557050891773713,0.097460712886181411,0.38350694444444428,0.79705932878286756,24,-0.25608804513819217,-0.20850362780470599,0.15186077510304058,-0.52251078645224291,-0.048480934485688687,24,0,0,24,68.924470109178898,70.820631695041342,31.075529890821105,29.179368304958661,-0.33324281321415133,-0.33786789215095303,0.12473932836934269,-0.58666351010101003,-0.1374147011167498,24,0,0,24,63.978754172084983,63.19978960488443,36.021245827915017,36.80021039511557
XGBoost,40,24,30,0.48726641297314299,0.028444723115290272,0.0051932721640777016,0.47664497880350865,0.49788784714277734,0.52973011461096686,0.03959991925445145,0.0072299230170154065,0.5149432617462294,0.54451696747570433,24,0.48726641297314299,0.50212600568800914,0.084975018245455627,0.4486064966011501,0.53120408637963368,0.082597589778483582,0.29713292845011779,0.6947470687059164,0.52973011461096686,0.54366580901089234,0.10243699927821827,0.44454057152172766,0.59422774978152282,0.14968717825979516,0.34378156565656559,0.71389416762759972,24,-0.29695030951819007,-0.26766877183747062,0.16334035763096424,-0.59147754866902358,-0.031059038700440467,24,0,0,24,64.148005047573008,64.281984320885115,35.851994952426992,35.718015679114885,-0.38742131849306299,-0.37730385536808186,0.12794654716362655,-0.62638888888888877,-0.22090136054421761,24,0,0,24,58.150085036709449,60.322596638181764,41.849914963290551,39.677403361818236
XGBoost,50,24,30,0.42675195619370981,0.032298079861711786,0.0058967956347876268,0.41469165496784344,0.43881225741957619,0.4555256495222742,0.035800240164942251,0.0065361997008137798,0.44215762014727095,0.46889367889727745,24,0.42675195619370987,0.45224294107666885,0.083259018292454259,0.38930376721548615,0.48206635947945509,0.092762592263968935,0.2217249656385881,0.53548402322449762,0.4555256495222742,0.47174524396392331,0.098225201108484331,0.39339517207343899,0.53016358200458269,0.1367684099311437,0.24043560606060599,0.6450510204081632,24,-0.35746476629762319,-0.34126513709476547,0.19077411457610868,-0.65802369656574089,-0.055727289943747371,24,0,0,24,56.987184748450403,58.617859309674486,43.01281525154959,41.382140690325514,-0.46162578358175549,-0.43502109357784152,0.1298070847218063,-0.72973484848484838,-0.26719387755102042,24,0,0,24,50.092200854338842,53.234678862140427,49.907799145661158,46.765321137859573
LightGBM,0,24,30,0.76205984422883655,0.0027928996370663139,0.00050991137735640387,0.76101695836500649,0.7631027300926666,0.87048583629769449,0.0050474541864375753,0.00092153483862858205,0.86860108592947338,0.8723705866659156,24,0.76205984422883655,0.79911833908243035,0.15383190180525139,0.63224433514209788,0.90742019535880003,0.27517586021670215,0.52982372074168183,0.95611871191305764,0.87048583629769449,0.91816887683642245,0.12721679988337023,0.81908895968942219,0.9578416926590273,0.13875273296960511,0.4423923784941472,0.98194374370747595,24,0,0,0,0,0,0,24,0,24,100,100,0,0,0,0,0,0,0,0,24,0,24,100,100,0,0
LightGBM,5,24,30,0.68016006843081689,0.024643777530920424,0.0044993176186080277,0.6709579306678698,0.68936220619376398,0.75395967095400351,0.022773760482243402,0.0041579007784481471,0.74545580903287467,0.76246353287513235,24,0.68016006843081689,0.658701147772635,0.1432656101661153,0.57187939515619379,0.78781863309170785,0.21593923793551406,0.41486168203477858,0.96231549881092682,0.75395967095400351,0.76440168130744346,0.10785980906137077,0.64865605803618531,0.82271620943499546,0.17406015139881015,0.589838792876481,0.96148676301960045,24,-0.081899775798019797,-0.063056295593641121,0.11572230724012733,-0.38782619696063492,0.099644638166309751,18,0,6,24,90.440668029050201,92.941384895586864,9.5593319709498026,7.0586151044131409,-0.11652616534369098,-0.11639052533850508,0.12373004040903678,-0.34169823232323249,0.26927826443245323,22,0,2,24,88.410381068409507,87.667782866048938,11.589618931590486,12.332217133951064
LightGBM,10,24,30,0.64704324960536996,0.024821399769130153,0.0045317468541353689,0.63777478660865072,0.6563117126020892,0.71403304468222994,0.024191982846980764,0.0044168315720231376,0.70499960982682064,0.72306647953763925,24,0.64704324960537007,0.6439555015269175,0.14827194680346364,0.53622264506616335,0.76844586493386347,0.23222321986770011,0.34574491883103692,0.95696240904297858,0.71403304468222994,0.73720277602963646,0.12402630297992591,0.62309350350821624,0.80278862384457716,0.17969512033636093,0.43573232323232319,0.95659809933689155,24,-0.11501659462346671,-0.10928831849521886,0.13600527085910419,-0.55969891233053226,0.044614866220612726,19,0,5,24,86.21284543819111,86.775429158267997,13.787154561808888,13.224570841731996,-0.15645279161546452,-0.14796745555628826,0.14364962885315014,-0.53491161616161631,0.22459374227704249,23,0,1,24,83.734164497628342,84.174042529377289,16.265835502371662,15.825957470622715
LightGBM,15,24,30,0.6277217301690291,0.026196900460999574,0.0047828777730689843,0.61793964677285074,0.63750381356520747,0.68907706784676859,0.023726180716217262,0.0043317881272387573,0.68021756636550135,0.69793656932803583,24,0.6277217301690291,0.62975655788811336,0.14046107512424386,0.52918603115300822,0.74439666105045477,0.21521062989744655,0.31248817532991868,0.93580988434530565,0.68907706784676848,0.67978255291359657,0.12401694099609541,0.60802540563878471,0.79839872063040396,0.19037331499161925,0.39695391414141412,0.94078026143321924,24,-0.13433811405980747,-0.12895393426840851,0.13655461799406143,-0.59295565583165055,0.047880778286023107,20,0,4,24,83.743671277217004,81.42573762215514,16.256328722782985,18.574262377844867,-0.18140876845092588,-0.1665383270368494,0.14450302920827676,-0.57369002525252533,0.22183354335911115,23,0,1,24,80.826961261715653,82.883003341259851,19.173038738284358,17.116996658740153
LightGBM,20,24,30,0.59875186724198803,0.027036981215265474,0.00493625483281478,0.58865609253679441,0.60884764194718166,0.65398422273938983,0.025736323996866595,0.004698788400115117,0.64437412142136508,0.66359432405741459,24,0.59875186724198803,0.59426854048506628,0.13350103277664926,0.51262021028385918,0.68002492973887052,0.16740471945501134,0.30371492083353802,0.91159555994784125,0.65398422273938983,0.66703323954959326,0.12912782205473164,0.58004076506755542,0.75156054243337622,0.1715197773658208,0.36190025252525237,0.92146096946976963,24,-0.16330797698684862,-0.16239805816685493,0.15254609692063922,-0.60172891032803122,0.06416746197996237,22,0,2,24,80.42460603320238,78.96404060795156,19.57539396679763,21.035959392048447,-0.21650161355830458,-0.20556751841243159,0.16388287208992777,-0.60874368686868707,0.2418007509219961,23,0,1,24,77.119405755310993,77.460842146134652,22.880594244689004,22.539157853865348
LightGBM,25,24,30,0.57268970698511734,0.030760823219811589,0.005616132254973167,0.56120342682310864,0.58417598714712604,0.63035299976462356,0.028084721976007549,0.0051275452491734656,0.61986599222963723,0.64084000729960988,24,0.57268970698511723,0.56614237725475225,0.12317204778429683,0.49619257941861045,0.6347124418757355,0.13851986245712505,0.30952408416038402,0.89306911959189805,0.63035299976462345,0.64062241659915875,0.12637041218762049,0.55449917683677508,0.71606819886381712,0.16156902202704204,0.37503156565656559,0.90062944753351404,24,-0.1893701372437194,-0.17983783177342272,0.16074088068144143,-0.59591974700118522,0.060886401653571953,23,0,1,24,77.292106963869273,76.86150227639817,22.707893036130738,23.13849772360183,-0.24013283653307091,-0.22073333785206373,0.16483814791028692,-0.59561237373737386,0.20622206127175852,23,0,1,24,74.366447421272923,74.596825343726024,25.63355257872708,25.403174656273976
LightGBM,30,24,30,0.547930014181926,0.028351217003987024,0.0051762003619359089,0.53734349576807661,0.55851653259577538,0.59894417997500005,0.022962870881127848,0.0041924274555574176,0.59036970307040304,0.60751865687959705,24,0.547930014181926,0.53912276624820676,0.11791636180903663,0.49314857832686848,0.57918673738933235,0.08603815906246387,0.2569857833251985,0.86189818945442032,0.59894417997500005,0.59917784784821904,0.12578212492115107,0.54299133893155704,0.68397155416935917,0.14098021523780213,0.30613952020202012,0.87190744779074858,24,-0.21412983004691064,-0.1966919476116222,0.16960414652721514,-0.64845804783637073,0.019168930215936908,22,0,2,24,74.267599803292399,74.130840671735342,25.732400196707601,25.869159328264665,-0.27154165632269439,-0.2480821458925605,0.16293105311626491,-0.66450441919191938,0.15232200801245038,23,0,1,24,70.567204327647332,71.086453427042116,29.432795672352668,28.913546572957884
LightGBM,40,24,30,0.49836878505429211,0.025234392564274621,0.0046071486774646141,0.48894610801342897,0.50779146209515524,0.54278425678180897,0.029309850879441702,0.00535122216126095,0.53183977859596065,0.55372873496765729,24,0.49836878505429211,0.49432996776863458,0.086975329591158487,0.44521650031721133,0.53681941371338526,0.091602913396173935,0.28705390146397952,0.76740705907677242,0.54278425678180897,0.55380838734707249,0.10400181784482529,0.46772634521188949,0.59220888767791491,0.12448254246602541,0.3035195707070707,0.78927924539139283,24,-0.26369105917454461,-0.23824330697154622,0.17695219788926936,-0.61838992969758966,0.0053753807869888481,22,0,2,24,68.260499194877838,70.129208482596511,31.739500805122162,29.870791517403497,-0.32770157951588536,-0.32476838475666325,0.16536808281409085,-0.66712436868686875,0.14556692827815904,23,0,1,24,64.371799213880536,63.377253179969365,35.628200786119464,36.622746820030628
LightGBM,50,24,30,0.43247622063835356,0.025332120009521626,0.0046249911862143262,0.42301705156970554,0.44193538970700158,0.4566210255253117,0.036025771973994578,0.0065773759872314154,0.44316878118877417,0.47007326986184922,24,0.4324762206383535,0.45193764034621436,0.065744275507695529,0.39374540755035381,0.48473598692025971,0.0909905793699059,0.2766627413786536,0.50226379443799973,0.45662102552531164,0.4657024178259539,0.080367928259459154,0.4015587798230853,0.50780033339356268,0.10624155357047738,0.28860479797979788,0.65173469387755101,24,-0.32958362359048315,-0.35047702901238253,0.20305728329378867,-0.62878108978291558,-0.027855714247540075,24,0,0,24,60.391998963609204,56.456534909649832,39.608001036390796,43.543465090350168,-0.4138648107723828,-0.42200055385916946,0.1678119646531171,-0.68203914141414157,0.060811796500997717,23,0,1,24,54.548251852860737,53.959220708781231,45.451748147139263,46.040779291218769
NaiveBayes,0,24,30,0.61760336857343257,2.2584051416334807e-16,4.1232648001943564e-17,0.61760336857343245,0.61760336857343268,0.78629048097980525,2.2584051416334807e-16,4.1232648001943564e-17,0.78629048097980514,0.78629048097980536,24,0.61760336857343245,0.58211835026302983,0.16657986643652689,0.52198517022642021,0.76033982169971948,0.23835465147329926,0.2321999839984942,0.88392284372494567,0.78629048097980558,0.80891160975234566,0.13519742184973688,0.71637327838131271,0.86893065399723413,0.15255737561592142,0.39563825530212082,0.95280681406898082,24,0,0,0,0,0,0,24,0,24,100,100,0,0,0,0,0,0,0,0,24,0,24,100,100,0,0
NaiveBayes,5,24,30,0.57338104933765421,0.012961312147956155,0.0023664010127671079,0.56854121584117012,0.57822088283413831,0.8043322015096861,0.014679822544019068,0.0026801566491773724,0.79885066568522944,0.80981373733414275,24,0.57338104933765421,0.55488068310060545,0.13788993140773928,0.49788595813211112,0.67971976553810198,0.18183380740599087,0.33533751089653102,0.88169676581034218,0.80433220150968587,0.829754307537097,0.11769803079454624,0.75313336417132581,0.87054958196964249,0.11741621779831668,0.40442818397200148,0.949716247544801,24,-0.044222319235778192,-0.03217084122604924,0.10239746909950379,-0.30008143097821893,0.17880318814724502,14,0,10,24,96.07252342892717,95.273096867153811,3.9274765710728334,4.7269031328461946,0.01804172052988048,0.0096735178616141615,0.077672850494540702,-0.11825188371216044,0.21413089188369405,9,0,15,24,103.30365096467345,101.40258502116478,-3.3036509646734515,-1.4025850211647952
NaiveBayes,10,24,30,0.55829541806483252,0.02080493314688351,0.0037984437306450131,0.55052672835294425,0.56606410777672078,0.77169975598604401,0.024609651379062174,0.0044930870642168243,0.76251036113762471,0.78088915083446331,24,0.55829541806483263,0.54349594988586658,0.1260357174393506,0.44610197183581835,0.66152974666035536,0.21542777482453701,0.34242857065749133,0.77498785297240824,0.7716997559860439,0.78290805124517426,0.10911812010504818,0.73446489410469162,0.84477250171389406,0.11030760760920244,0.44923442392830149,0.94844035881009403,24,-0.059307950508599779,-0.063247413558075283,0.11942529647149536,-0.36912369392222016,0.1955457693020973,16,0,8,24,94.480545978099997,90.568742121698222,5.5194540218999988,9.4312578783017784,-0.014590724993761591,-0.0032269785576173882,0.086492997266495036,-0.19916351010101019,0.17955909911959445,13,0,11,24,99.459122264692724,99.63936901147342,0.54087773530726813,0.36063098852657405
NaiveBayes,15,24,30,0.54401519515392327,0.030224407919844969,0.0055181966683122948,0.53272921575677301,0.55530117455107353,0.73241703070576747,0.034543660564566002,0.0063067807033381469,0.71951821586486975,0.74531584554666519,24,0.54401519515392305,0.53257788865039746,0.11239338624375501,0.47242815902535529,0.62465312213423341,0.15222496310887812,0.3465785276723764,0.76697146998464905,0.73241703070576758,0.74606712244750273,0.11841492598107001,0.69102330968843073,0.81074522080734623,0.1197219111189155,0.5010349536640053,0.93852324209900839,24,-0.073588173419509226,-0.075093504622879004,0.13075712998527467,-0.33953450833291543,0.18366080206318122,17,0,7,24,92.676307308088198,89.201001789648757,7.323692691911809,10.798998210351247,-0.053873450274037914,-0.039620689464038905,0.11336886627514062,-0.30463197969543121,0.12441090247601916,16,0,8,24,94.747104028789025,95.09847768635953,5.2528959712109913,4.9015223136404691
NaiveBayes,20,24,30,0.54605958407504807,0.037051344098951826,0.0067646189829606131,0.53222438481336343,0.5598947833367327,0.71593554764442779,0.041042536138737144,0.0074933076201357711,0.70061001278210722,0.73126108250674837,24,0.54605958407504807,0.53607629653349242,0.10310655376558622,0.4844320314137267,0.6359928946981942,0.1515608632844675,0.3609008431516556,0.76140454412512615,0.71593554764442791,0.69241222614768039,0.10008024500743541,0.64307470457048899,0.80529069513064522,0.16221599056015623,0.56275123885134748,0.91818823733003685,24,-0.071543784498384277,-0.074410441214191381,0.12879610599652794,-0.31567152384512343,0.20912452984582022,18,0,6,24,93.450300612436877,89.520636527608104,6.5496993875631064,10.479363472391881,-0.070354933335377748,-0.065580678197293685,0.1149891790451875,-0.28990031052523857,0.17862827670750825,16,0,8,24,93.111694743543993,91.114175700572787,6.8883052564559977,8.8858242994272061
NaiveBayes,25,24,30,0.54146929020346113,0.039906348691540902,0.0072858691220079076,0.52656801470643122,0.55637056570049104,0.69391744985432469,0.043783531988950901,0.0079937427058658136,0.67756841032070581,0.71026648938794357,24,0.54146929020346113,0.52426128995295851,0.09945405565156866,0.49362264942469147,0.61331903796114273,0.11969638853645126,0.35844512689003388,0.75383746906859017,0.69391744985432469,0.67855092026244956,0.10648263030399223,0.6033669879495146,0.78177723571295743,0.17841024776344283,0.53395588223218915,0.8822014200539775,24,-0.076134078369971214,-0.067269618183067675,0.14371937049720843,-0.32694388215762615,0.16589728430641362,17,0,7,24,92.958114319135532,87.914374660691081,7.0418856808644543,12.085625339308924,-0.092373031125480828,-0.08522768090823496,0.12855031656435964,-0.27343570206883883,0.21002966265871414,17,0,7,24,90.449366156908013,89.771496308469821,9.5506338430919886,10.228503691530177
NaiveBayes,30,24,30,0.53771791302919758,0.043521506812442212,0.0079459036725964532,0.52146671530447219,0.55396911075392297,0.6688104524175229,0.041722854399940057,0.0076175161727836133,0.65323088254152062,0.68439002229352519,24,0.53771791302919769,0.51671802312065052,0.096674783448841742,0.48601556032979626,0.60397676661094879,0.11796120628115253,0.38478148737543738,0.74129590472904161,0.66881045241752302,0.66951090549064962,0.093270005982233756,0.60113205199363562,0.75547108421798692,0.1543390322243513,0.51570138079984462,0.82017006802721093,24,-0.079885455544234776,-0.076901178171019186,0.14564303762660857,-0.37618691477955435,0.18686420749386237,17,0,7,24,92.630367195120371,86.240958855017411,7.3696328048796369,13.759041144982589,-0.11748002856228261,-0.12608962713801158,0.14931835922208445,-0.35878651480219315,0.27424023577685053,19,0,5,24,88.00592592320784,83.52520580971219,11.994074076792154,16.47479419028781
NaiveBayes,40,24,30,0.52399602163780001,0.040547507988522878,0.0074029282586449679,0.5088553333246375,0.53913670995096252,0.60616719749141879,0.050212704889635286,0.0091675437138010653,0.58741746534240558,0.624916929640432,24,0.52399602163780001,0.53190759162516288,0.078084829572635919,0.47309489244494241,0.56103758298690543,0.08794269054196302,0.3958676165256198,0.72786965340995624,0.6061671974914189,0.59619063762411395,0.07857223921386812,0.57468444749189884,0.67374758481742747,0.099063137325528627,0.45331439393939382,0.74550609593968731,24,-0.093607346935632371,-0.090833218417016109,0.16804684415792628,-0.39596808698146696,0.26209878146906285,17,0,7,24,91.976948819047564,84.222620300548343,8.0230511809524163,15.777379699451654,-0.18012328348838672,-0.20008720175792377,0.15624288046407289,-0.3651934232837073,0.28366038478883604,22,0,2,24,80.362943429890052,75.754977909268547,19.637056570109948,24.245022090731464
NaiveBayes,50,24,30,0.49205191473019966,0.02995408018892573,0.005468841802931077,0.48086687736671058,0.50323695209368879,0.48939069935426621,0.042052644854124965,0.0076777273964525961,0.47368798369882703,0.50509341500970539,24,0.4920519147301996,0.49903224733128015,0.05484554052822542,0.46137903312389794,0.51229888934604162,0.050919856222143678,0.3905097590743502,0.62215227246893234,0.4893906993542661,0.48303729056867289,0.065938653290470745,0.44481352043183819,0.52991003075224263,0.085096510320404439,0.37612058080808081,0.67584357726128275,24,-0.12555145384323277,-0.10319726935726123,0.18041084499027171,-0.47361108150863568,0.22903920414275339,17,0,7,24,87.238035584818576,82.629651774364135,12.761964415181424,17.370348225635848,-0.29689978162553943,-0.31482787923319672,0.14676761994403201,-0.48502867985010184,0.091437209804556663,23,0,1,24,64.652046687661269,61.695317434964529,35.347953312338717,38.304682565035471
