ProjectSlug,NoisePercent,Seeds,ProjectMeanAPFDc,ProjectMeanAPFD
Angel-ML__angel,0,30,0.8728478624916338,0.8612055718446695
Angel-ML__angel,5,30,0.8369698052875738,0.8225932656609348
Angel-ML__angel,10,30,0.8338414676231951,0.8192774600594149
Angel-ML__angel,15,30,0.8304058865987691,0.8156561448666712
Angel-ML__angel,20,30,0.828761864091556,0.8132162355696191
Angel-ML__angel,25,30,0.8263070089382377,0.8105563716240407
Angel-ML__angel,30,30,0.8257737557515952,0.8099940133473968
Angel-ML__angel,40,30,0.8245510640925616,0.8088897049573741
Angel-ML__angel,50,30,0.8256791084931752,0.8108942401047664
CompEvol__beast2,0,30,0.7393776254714395,0.9631320647341324
CompEvol__beast2,5,30,0.7343829777395976,0.9354658617376325
CompEvol__beast2,10,30,0.7342974859090984,0.936657004924381
CompEvol__beast2,15,30,0.7342553462908935,0.9363465505967803
CompEvol__beast2,20,30,0.7336801678098648,0.936500692214801
CompEvol__beast2,25,30,0.7323402694076571,0.9366581238144763
CompEvol__beast2,30,30,0.729881393955767,0.9346313248476805
CompEvol__beast2,40,30,0.7278081242414438,0.9342320768062591
CompEvol__beast2,50,30,0.726599263186309,0.9347110045401489
EMResearch__EvoMaster,0,30,0.7167929404157944,0.902767016642284
EMResearch__EvoMaster,5,30,0.7018407520644161,0.866890133509166
EMResearch__EvoMaster,10,30,0.7079638407530174,0.870838182506889
EMResearch__EvoMaster,15,30,0.713463254385464,0.8773562153111357
EMResearch__EvoMaster,20,30,0.7131579188222794,0.8776641102158068
EMResearch__EvoMaster,25,30,0.7121375598060429,0.879876361126119
EMResearch__EvoMaster,30,30,0.7150562207500474,0.8851163915820531
EMResearch__EvoMaster,40,30,0.7178233198365512,0.8902084524569456
EMResearch__EvoMaster,50,30,0.7196388356173714,0.8938050643667416
JMRI__JMRI,0,30,0.7458789557550832,0.776635744316183
JMRI__JMRI,5,30,0.761193466832575,0.7814457778803546
JMRI__JMRI,10,30,0.7925244013472162,0.8073648856474661
JMRI__JMRI,15,30,0.8012553852985317,0.8186923918136877
JMRI__JMRI,20,30,0.8210351211036768,0.8402274469134915
JMRI__JMRI,25,30,0.8351568146421332,0.8547761217979636
JMRI__JMRI,30,30,0.8429188062838592,0.8615097521211879
JMRI__JMRI,40,30,0.8538440632468167,0.873990293269091
JMRI__JMRI,50,30,0.8611163311013198,0.8815604848153279
SonarSource__sonarqube,0,30,0.5225288603476227,0.5962303586532021
SonarSource__sonarqube,5,30,0.5574200245893529,0.583065371785884
SonarSource__sonarqube,10,30,0.562320359671157,0.5949283974531279
SonarSource__sonarqube,15,30,0.5671123076865553,0.6062416072108322
SonarSource__sonarqube,20,30,0.5667642608433205,0.6037248995127977
SonarSource__sonarqube,25,30,0.569372619392227,0.6104434984523446
SonarSource__sonarqube,30,30,0.5753241784827744,0.618680311250791
SonarSource__sonarqube,40,30,0.5756326540710954,0.622210448466846
SonarSource__sonarqube,50,30,0.5741992386544957,0.626102696460304
apache__airavata,0,30,0.844635135614775,0.7890756302521008
apache__airavata,5,30,0.836756563572444,0.783162153750389
apache__airavata,10,30,0.8295243280900247,0.7785496420790537
apache__airavata,15,30,0.8249634080776457,0.7737441643323996
apache__airavata,20,30,0.8166333835562108,0.7677248677248677
apache__airavata,25,30,0.8089389263625365,0.7609959539371304
apache__airavata,30,30,0.7995325414882828,0.7531092436974789
apache__airavata,40,30,0.7731034835431073,0.7343790849673203
apache__airavata,50,30,0.7557745914327302,0.7191285403050108
apache__curator,0,30,0.6726306863073092,0.8573883161512028
apache__curator,5,30,0.530799862977989,0.5530546009927453
apache__curator,10,30,0.5045756736967221,0.5328942344406262
apache__curator,15,30,0.5192864554692904,0.535700649102711
apache__curator,20,30,0.5318505532056196,0.5578655975563191
apache__curator,25,30,0.5141787461822276,0.5670103092783505
apache__curator,30,30,0.5209436248147357,0.5844978999618174
apache__curator,40,30,0.5311484137755809,0.6487781596029019
apache__curator,50,30,0.5285689272448317,0.6546009927453227
apache__logging-log4j2,0,30,0.9140579902386404,0.9155418401795618
apache__logging-log4j2,5,30,0.9123607229085097,0.9151527940760285
apache__logging-log4j2,10,30,0.9092608832324668,0.9119554299391689
apache__logging-log4j2,15,30,0.9106810142563132,0.9128859159873389
apache__logging-log4j2,20,30,0.9077799881602078,0.9090408492787796
apache__logging-log4j2,25,30,0.9068083320095132,0.9083902046173542
apache__logging-log4j2,30,30,0.9043520961409206,0.9059910995573328
apache__logging-log4j2,40,30,0.9014119811340778,0.9026936317122968
apache__logging-log4j2,50,30,0.8995868781006089,0.9008280652383426
apache__rocketmq,0,30,0.8949537196084185,0.9763977304023151
apache__rocketmq,5,30,0.8223744112450979,0.8554697303263158
apache__rocketmq,10,30,0.8342588090773577,0.8576051707427924
apache__rocketmq,15,30,0.8513191601758611,0.8699374495845618
apache__rocketmq,20,30,0.8626540720833235,0.8813634356766731
apache__rocketmq,25,30,0.8714221770524102,0.8857768153696354
apache__rocketmq,30,30,0.8801103022948797,0.895393065939631
apache__rocketmq,40,30,0.8793002774607177,0.8971562043345237
apache__rocketmq,50,30,0.8907204040152527,0.9104921976465773
apache__shardingsphere,0,30,0.9722092195635664,0.9846078213423294
apache__shardingsphere,5,30,0.9470881159187675,0.9586820969644523
apache__shardingsphere,10,30,0.9471356097909941,0.9588097415422098
apache__shardingsphere,15,30,0.9464788038064842,0.9575589066728589
apache__shardingsphere,20,30,0.9464831507733877,0.9575412706810773
apache__shardingsphere,25,30,0.9453028924030872,0.9566630733780617
apache__shardingsphere,30,30,0.9442508110495115,0.955531626530821
apache__shardingsphere,40,30,0.9430114758294291,0.9540702764515346
apache__shardingsphere,50,30,0.9419030252924799,0.9528531189013089
apache__sling,0,30,0.9097434144105736,0.9628436839084608
apache__sling,5,30,0.8816715637504776,0.9353123063463535
apache__sling,10,30,0.8818975552628386,0.9336675933341959
apache__sling,15,30,0.8839830764405339,0.9364688820618597
apache__sling,20,30,0.8870480895199064,0.939823569360668
apache__sling,25,30,0.8872376853115251,0.9410405232511501
apache__sling,30,30,0.8866041348611601,0.9437927654687815
apache__sling,40,30,0.8854821563199842,0.9430555958241862
apache__sling,50,30,0.886869785206597,0.9448781761507224
b2ihealthcare__snow-owl,0,30,0.7161839862196434,0.9309592084528144
b2ihealthcare__snow-owl,5,30,0.6904303519771715,0.8831673082056714
b2ihealthcare__snow-owl,10,30,0.6927893242657798,0.8828045157456922
b2ihealthcare__snow-owl,15,30,0.6913126586498654,0.8801035073669344
b2ihealthcare__snow-owl,20,30,0.6908013659940825,0.8793732723655997
b2ihealthcare__snow-owl,25,30,0.6952516359388512,0.8854601427747207
b2ihealthcare__snow-owl,30,30,0.6926406724755735,0.8853210708965185
b2ihealthcare__snow-owl,40,30,0.6879843386618957,0.8815138598258803
b2ihealthcare__snow-owl,50,30,0.687041488219876,0.8848125758867447
camunda__camunda-bpm-platform,0,30,0.7527394429899698,0.7948257828629871
camunda__camunda-bpm-platform,5,30,0.7990740278504017,0.8128951275287651
camunda__camunda-bpm-platform,10,30,0.7908495206243363,0.8045202332884731
camunda__camunda-bpm-platform,15,30,0.7924768099337189,0.8038250733606305
camunda__camunda-bpm-platform,20,30,0.7884367266128138,0.7986963052303692
camunda__camunda-bpm-platform,25,30,0.7844505416118748,0.7959594284692756
camunda__camunda-bpm-platform,30,30,0.7793335536913696,0.7911447651600491
camunda__camunda-bpm-platform,40,30,0.7681851975698102,0.7804465578046601
camunda__camunda-bpm-platform,50,30,0.7576078691021947,0.7703872645454122
cantaloupe-project__cantaloupe,0,30,0.4970352954466159,0.6310878602320383
cantaloupe-project__cantaloupe,5,30,0.5113266172841828,0.579920140472423
cantaloupe-project__cantaloupe,10,30,0.5119945538700309,0.5787092265620518
cantaloupe-project__cantaloupe,15,30,0.5071212634446471,0.5734224860450913
cantaloupe-project__cantaloupe,20,30,0.5012850552298703,0.5713030920498643
cantaloupe-project__cantaloupe,25,30,0.498073529108733,0.5719990514224158
cantaloupe-project__cantaloupe,30,30,0.49400526178279286,0.5669510130836216
cantaloupe-project__cantaloupe,40,30,0.49967839343895043,0.572572119279247
cantaloupe-project__cantaloupe,50,30,0.49343472444566344,0.5652220663113589
eclipse__jetty.project,0,30,0.9584700517945758,0.9771211986402412
eclipse__jetty.project,5,30,0.9388476914387783,0.9507420153170625
eclipse__jetty.project,10,30,0.9377857491472091,0.9499484472727742
eclipse__jetty.project,15,30,0.937316470048416,0.948826810864791
eclipse__jetty.project,20,30,0.9356258895397028,0.9476057290162058
eclipse__jetty.project,25,30,0.9336570895095796,0.9463465583444851
eclipse__jetty.project,30,30,0.933148489044785,0.9455244693532584
eclipse__jetty.project,40,30,0.9313118065607349,0.9448628726752186
eclipse__jetty.project,50,30,0.930245597032218,0.9431387312254782
eclipse__paho.mqtt.java,0,30,0.6031164388666922,0.929591836734694
eclipse__paho.mqtt.java,5,30,0.5946235030867454,0.8632993197278912
eclipse__paho.mqtt.java,10,30,0.5859001118311868,0.8429591836734694
eclipse__paho.mqtt.java,15,30,0.5777291356203296,0.8301700680272109
eclipse__paho.mqtt.java,20,30,0.5721525362262725,0.818843537414966
eclipse__paho.mqtt.java,25,30,0.5638708244687564,0.8121428571428572
eclipse__paho.mqtt.java,30,30,0.5572984669818702,0.8001020408163266
eclipse__paho.mqtt.java,40,30,0.5438500988214354,0.7872448979591837
eclipse__paho.mqtt.java,50,30,0.5472560295531745,0.7736394557823129
eclipse__steady,0,30,0.9644223477433554,0.96875
eclipse__steady,5,30,0.9539602635736435,0.9509154040404041
eclipse__steady,10,30,0.9583391502321894,0.9557449494949495
eclipse__steady,15,30,0.9547200670747101,0.9512468434343435
eclipse__steady,20,30,0.95003015623124,0.9471748737373737
eclipse__steady,25,30,0.9521319342148957,0.947238005050505
eclipse__steady,30,30,0.9530285320840604,0.9491792929292929
eclipse__steady,40,30,0.9560046988679629,0.9522885101010101
eclipse__steady,50,30,0.95169186753336,0.9480744949494949
facebook__buck,0,30,0.4590126665345221,0.6173052488502695
facebook__buck,5,30,0.6311775865508655,0.6870721007134584
facebook__buck,10,30,0.6514496138702195,0.7101162403388206
facebook__buck,15,30,0.6383706724598457,0.7030517563654561
facebook__buck,20,30,0.6261026809849568,0.6907667329542736
facebook__buck,25,30,0.6263868017223196,0.687570903628872
facebook__buck,30,30,0.619305374666366,0.6805403004058799
facebook__buck,40,30,0.6090261695028858,0.67513938918407
facebook__buck,50,30,0.5964721668913906,0.668722550193282
jcabi__jcabi-github,0,30,0.947808494059419,0.9468735579141672
jcabi__jcabi-github,5,30,0.9443849030434868,0.9432221965851411
jcabi__jcabi-github,10,30,0.9414698435882288,0.9397592678049533
jcabi__jcabi-github,15,30,0.9396417049481688,0.9386190586063685
jcabi__jcabi-github,20,30,0.9387678403435388,0.93823834794647
jcabi__jcabi-github,25,30,0.9396635123521402,0.9393574065528383
jcabi__jcabi-github,30,30,0.9398861902189221,0.9395900630672206
jcabi__jcabi-github,40,30,0.937779783737718,0.9372942624211663
jcabi__jcabi-github,50,30,0.9377368264490547,0.9377864943854793
optimatika__ojAlgo,0,30,0.8524008320645321,0.9348926935133832
optimatika__ojAlgo,5,30,0.8280697798548803,0.8763753283553931
optimatika__ojAlgo,10,30,0.8232825240383284,0.8564670104002
optimatika__ojAlgo,15,30,0.8111021073848821,0.8466962256294153
optimatika__ojAlgo,20,30,0.8078681307774425,0.8450754505711403
optimatika__ojAlgo,25,30,0.8137770039629201,0.8457839579202726
optimatika__ojAlgo,30,30,0.8163766758559095,0.8398625644988792
optimatika__ojAlgo,40,30,0.820405690088937,0.8356662544431941
optimatika__ojAlgo,50,30,0.833948548341687,0.8476780996581643
spring-cloud__spring-cloud-dataflow,0,30,0.7549625592174842,0.8736647693246782
spring-cloud__spring-cloud-dataflow,5,30,0.7552700102009158,0.8640860681816048
spring-cloud__spring-cloud-dataflow,10,30,0.7589583493692267,0.8681566663029796
spring-cloud__spring-cloud-dataflow,15,30,0.7633659829052791,0.871335750800243
spring-cloud__spring-cloud-dataflow,20,30,0.7640570405333506,0.8724069958729301
spring-cloud__spring-cloud-dataflow,25,30,0.7652249842177026,0.8730641132465898
spring-cloud__spring-cloud-dataflow,30,30,0.7643047529232126,0.8718836507963059
spring-cloud__spring-cloud-dataflow,40,30,0.7566788909429543,0.8661289909608585
spring-cloud__spring-cloud-dataflow,50,30,0.7490514208383963,0.8600581829825312
thinkaurelius__titan,0,30,0.7426481743735092,0.7654046345811051
thinkaurelius__titan,5,30,0.7917285393519514,0.7635345811051694
thinkaurelius__titan,10,30,0.7748265484553413,0.7470228758169934
thinkaurelius__titan,15,30,0.7669710189693214,0.7360892453951278
thinkaurelius__titan,20,30,0.766255546252544,0.7389452168746288
thinkaurelius__titan,25,30,0.7765056435672582,0.7469688057040998
thinkaurelius__titan,30,30,0.7711434125572825,0.7431011289364231
thinkaurelius__titan,40,30,0.7674742230026453,0.7446912655971479
thinkaurelius__titan,50,30,0.7752717955901101,0.759029055258467
yamcs__Yamcs,0,30,0.5625194022750566,0.7374270914839695
yamcs__Yamcs,5,30,0.6142838542917504,0.7343127543652649
yamcs__Yamcs,10,30,0.6264764175470876,0.7366268907054141
yamcs__Yamcs,15,30,0.6251668577121279,0.7332215037808798
yamcs__Yamcs,20,30,0.625361664984905,0.729966777808242
yamcs__Yamcs,25,30,0.6249308561480372,0.7222281344255919
yamcs__Yamcs,30,30,0.6227294148016633,0.7222290483591713
yamcs__Yamcs,40,30,0.6285540535093167,0.7214750351900479
yamcs__Yamcs,50,30,0.638043391766038,0.7245938976688253
zolyfarkas__spf4j,0,30,0.8531514514715006,0.9051537698583332
zolyfarkas__spf4j,5,30,0.9035379736441398,0.916711657725741
zolyfarkas__spf4j,10,30,0.901916942768089,0.916559579001836
zolyfarkas__spf4j,15,30,0.9035731278340073,0.9187171356908023
zolyfarkas__spf4j,20,30,0.9034086122333737,0.9188669459324884
zolyfarkas__spf4j,25,30,0.9028875554498768,0.9187295037963685
zolyfarkas__spf4j,30,30,0.9044610743507755,0.9191117292501272
zolyfarkas__spf4j,40,30,0.9066338528705331,0.9215289947439846
zolyfarkas__spf4j,50,30,0.9087224031568584,0.9229899772853486
